4.245049375034025407e-02,-4.981565102549748852e-02,-1.615764730900980106e-01,-4.940452159526307480e-02,-2.954210579401416251e-02,8.296104729724489146e-02,1.186501722507404405e-01,1.316777191333307062e-01,4.038814686164290957e-02,1.251778639126375214e-01,-1.066879799583804328e-01,1.771823136996275860e-01,7.253923085807441329e-02,-4.215669302485071379e-02,6.908689882986952802e-02,-1.068745414861444268e-02,1.600365627313765915e-01,2.149345554106973921e-01,3.090870381508287745e-01,-1.974944057451651913e-01,-2.042285329248746395e-01,-7.134224651331183553e-02,2.263265940955667271e-02,1.239089971172367688e-01,4.463752231479944238e-02,-2.859824385265667401e-01,-4.330378675121059062e-02,1.170932968876183811e-01,3.254030953829592510e-02,1.077646545877195411e-01,-3.144194745767896898e-02,-2.839147838366350499e-02,2.638376493508213724e-02,5.799006007553437342e-02,2.804381536180667808e-02,1.683036409405642281e-02,-9.484597010420944829e-02,5.339558272759815233e-02,1.722812936216181964e-02,1.597331461051200718e-01,1.695525925928308697e-01,2.618507167662082608e-02,-5.307330661719495551e-02,-9.033012049218543116e-02,5.989114591059019332e-02,1.093753735733948677e-02,-4.862825314644533131e-02,6.165526621183017517e-03,-8.768136021942092573e-02,9.871663695558104135e-02
-6.323352804447757158e-02,1.731715403366286821e-01,5.706233521247360690e-02,8.394467978952534215e-02,-1.548439181849939339e-01,2.395429340593212969e-02,1.047304976843239505e-01,-1.348736325520163704e-01,-3.764898217450255574e-02,4.612393426439825514e-03,-1.941881137022362369e-01,4.457026865354683093e-02,1.196651863761155066e-01,-1.215539100600465799e-01,4.957468772621302644e-02,-1.855848997849205706e-01,-5.472371400698325394e-03,-2.285047177728910528e-01,1.585924132072230597e-01,5.782726864119161481e-02,-3.481363286386580155e-03,-1.096244074860113632e-01,1.801362911583698767e-01,2.781901972363884923e-01,-2.627583151343846346e-01,1.748199937184166108e-01,2.301845769909965922e-01,4.780207255363630447e-02,-1.696021116248915550e-01,1.220954657082061606e-01,-2.558599449075576321e-02,-8.540727424220984076e-02,-1.739564897967581791e-01,7.785775934044869562e-02,1.121198222125649457e-01,-8.818056144695533838e-02,7.362061161396687980e-02,-1.618343113189922577e-01,1.134002746410940343e-01,6.585610499450187359e-03,-2.638495017602274922e-02,-1.438903928462012885e-02,1.228790587395936773e-01,1.061242318459729161e-01,7.487770425058710988e-02,1.947389187334890026e-02,1.100556945333201406e-02,8.745217532221410961e-02,3.287969587685252160e-02,9.652734566045913234e-02
-4.385713470286259352e-02,-3.443380588178498458e-01,1.469119840876414174e-01,3.092856277384918862e-01,6.241835820439433496e-02,-1.416408892521665852e-02,-1.929620073322934823e-02,-1.683680470084492758e-02,2.462062133075723289e-03,-1.586774103430468319e-01,-7.312819954187499416e-02,-1.410008861712824246e-01,3.518551483416375303e-02,-4.195139408408578990e-02,7.003345706103683566e-02,-2.470675778972781372e-02,1.394888599662614248e-01,3.019825392950201137e-02,3.098117267796060559e-01,-2.681859336306942065e-01,-9.148783542555784243e-02,1.274894988471171886e-01,3.575592504662149507e-01,-3.516226747228233529e-02,6.175728240805603876e-03,-3.200566711209341247e-02,1.882964706339493310e-01,-4.063146771042235039e-02,9.617639909165145995e-02,-4.522677584311014798e-02,-1.799669850585509101e-01,4.434234387305537733e-02,7.116107875404137362e-02,1.828897582289039647e-01,-1.561956826831482383e-02,-8.730818033966636360e-02,7.958643752145827532e-02,3.404536608088636757e-02,3.969203585513268046e-02,-1.033969772211664265e-02,1.640966542629791747e-01,5.225416106966238733e-02,2.693594177027836545e-01,1.571271451669741248e-01,9.320371599241401850e-02,-2.301545373225475644e-01,8.518080950728801337e-02,5.943687924217226637e-02,1.146858854107937059e-01,1.477064175448369876e-01
-5.669273756875027603e-02,1.165319921084196353e-01,-7.952199667432456598e-02,2.764615086463584892e-01,-1.883664111214138348e-01,-2.489989641231119821e-01,-2.334472401826125365e-01,-1.259435785170477384e-01,-1.582668174503739089e-01,2.766313314689585745e-01,-4.617400182901764544e-02,-1.898830311207571064e-01,1.575975519439683503e-01,-8.294701089379835635e-02,-1.749174819771800726e-01,1.238623289935947280e-01,8.815672443870659070e-02,-6.151216400800974676e-02,1.990562157923775055e-01,1.825772049506991027e-02,2.286712052377729565e-01,7.109829736836764669e-02,2.204483936646929598e-01,1.547187770450270464e-02,-1.724979068836340335e-01,3.463930362754094050e-01,-7.718412303538391139e-02,-2.811992024107596785e-02,-9.905130647254772880e-02,-2.876431882370808490e-02,3.431864147513725982e-02,2.854309762598042366e-02,9.348238557258353731e-02,2.534494445051522216e-01,-1.703626312087745676e-02,-1.743896068111821795e-01,-1.672050329549472636e-01,-9.415190688483703052e-02,-2.367670417202870914e-01,1.166768367083907409e-01,-7.045803786453015694e-02,-4.397991740101944019e-02,-2.674960682500786453e-04,-1.975119545950130284e-01,-1.218085278903316276e-01,9.541861903173733117e-02,8.747464276164414188e-02,-6.267397548599112911e-02,2.560483030706227070e-01,-1.846576722636836254e-01
-4.878855914464291094e-02,-3.264566954769024948e-02,-3.950018688068095418e-01,2.740079525704512409e-01,5.180717032940082567e-02,-1.477272471004927312e-01,2.900797301668512351e-01,8.282511436103372204e-02,6.074416926128272526e-02,-8.584253670732495956e-02,1.502216169628195486e-02,-2.157637795057230079e-01,1.124336685176128281e-01,-5.295357487802639096e-02,1.895727775792024200e-02,1.699962288839345914e-01,4.026946402228551852e-02,3.711850210555751178e-02,3.910290668662646379e-02,-1.037002647131823468e-01,1.182289212431857084e-01,2.182639386111781266e-01,1.073113255715962833e-01,1.251450046879734879e-01,-1.240663422073370881e-01,-1.227236459840975180e-01,-2.037706415251745173e-01,1.742669005041468377e-01,-3.594646160525380441e-02,1.979678288662432839e-01,-1.105790106233641434e-01,-6.187311371762367618e-02,1.349514524965117479e-02,1.303127184147900575e-01,8.591375081648346124e-03,2.985754918846100434e-02,2.337350983663574831e-03,2.505812771002334516e-02,-1.578927041275537402e-01,1.144482037599474887e-02,-2.638625430778373041e-02,-8.036195154357595599e-03,6.962690346576687339e-02,-9.626242586256722467e-02,-1.195123984850246512e-02,-4.205332075510872375e-02,5.901541550409353937e-02,1.109833298018609860e-01,-1.351175363882743952e-01,8.286024780011859436e-02
2.921458788377597759e-01,-2.080530076891607683e-01,-1.174040353455611391e-01,-1.245324784421574793e-01,-3.947037830339506642e-02,2.295055187040928868e-01,1.888353598415557725e-03,-9.824451041489214165e-02,8.793629489200577298e-02,-8.482517026132269100e-02,1.588744715666301766e-01,4.317127884585734293e-02,1.964030657491153686e-01,-9.352819980643688191e-02,4.286279233931481469e-01,1.166138760046648570e-01,9.257161294483617908e-02,-7.239139684358333361e-03,-1.026149286698753715e-01,-1.227210232897847503e-01,-1.923009787466824563e-02,-1.127509743514672202e-01,3.997638260151903378e-02,-1.168278191960063772e-01,8.783435788818373668e-02,1.352160281252421381e-01,-9.982092184406168855e-02,1.686712812672123696e-01,-3.365007125980443159e-02,1.633823796951311413e-01,6.196607909147477250e-02,1.587211933922893226e-01,-1.409998916792526980e-01,-1.510295044830731528e-02,2.052630945152854047e-01,-8.740360920376034903e-02,-2.881037602640872386e-01,-2.747235966563252862e-01,-3.544642364297758141e-01,-2.989879291454668464e-01,-5.821456873850636843e-02,1.808111754629634915e-01,-6.254066447660112937e-02,4.575367712618212679e-02,-1.555514571349996336e-02,1.209003457961369292e-03,-2.378690803423961012e-02,-2.463282052191757832e-02,6.521845246670800178e-02,-1.663090643068051433e-01
1.428535553908419908e-01,1.301101838825451384e-01,-2.758527369071313295e-02,1.138998303595258887e-01,-9.918507995076765449e-02,-7.597480863835885667e-02,2.209904563605903996e-02,-2.690131535235238541e-02,-6.346114117568299462e-02,-9.509851364431935739e-02,-7.884165965012378263e-02,1.328185175399581031e-01,-2.748274316373256476e-01,4.985023107511941942e-02,-3.343723439000797354e-02,1.029283722577734039e-01,7.284240900293105503e-02,-3.935097981925363420e-01,8.268151657326361370e-02,4.585930330130318089e-02,3.091872006921767696e-03,-6.628048673093502041e-02,1.206721876607928234e-01,-5.841116514509392399e-02,2.594682550732963500e-01,7.981578886109130799e-02,3.023345446994779584e-01,-1.110912832149742180e-01,-2.483253854935958960e-01,1.010865143007645683e-01,1.205905648782524681e-01,5.000672882166675923e-03,-2.176182277820189193e-01,-6.334194447471375167e-02,8.739635234205157810e-02,-2.604646576075704545e-02,-1.640278223294216325e-02,-2.481364531214463875e-02,-1.320754772085996620e-01,-7.538045741679556822e-02,-2.017454023176990241e-01,2.500272936633889387e-01,-6.722787672044261420e-02,6.754427966538692485e-02,-1.445164962110181417e-01,1.123632612132270669e-01,-2.649049659079888985e-01,1.301946385679026985e-01,-5.001779903646577305e-03,2.984846291615316782e-01
-1.847718205518568135e-01,1.080183109422641098e-02,5.193442117294337634e-02,1.743582758897310181e-01,-5.980100497427107836e-02,1.222791363691879893e-02,-3.029905505194337989e-01,-1.174036066560779357e-01,6.386814022592397777e-02,1.561538307482179810e-01,-3.984352527249851450e-02,2.908125869967848609e-01,2.489368329201056829e-01,-8.577557645965874084e-03,-3.413208677088138687e-01,-2.513858476683217269e-01,-1.100058502228109109e-01,1.578037628279779503e-01,4.387912774123316900e-02,-2.961713664672537827e-01,-3.235237377957062010e-02,2.281637536916056863e-01,-5.300538720244184210e-02,-1.060617204119006646e-01,2.905677271359767833e-01,7.553249130028852863e-03,-6.776304676106191527e-02,4.952111451126057357e-02,2.427458883265920866e-03,-6.068988300677578829e-02,1.709015329373782810e-01,1.577840621061932791e-01,1.189157819601321664e-01,-1.455044984873283057e-02,1.621962066994956375e-01,-7.029006153112170481e-03,6.599332373051190748e-02,1.461853987887008766e-01,1.143878664136717266e-01,2.531095346311070804e-01,6.382119759662070735e-02,-2.381620471864703825e-01,-1.640728297125752244e-01,1.909339373632089887e-01,-4.685051519046736640e-02,5.466489014353195786e-02,-1.204140137225182955e-01,1.415460083695973537e-01,-5.442349855378698920e-02,2.062076446449528089e-01
-7.526925707105679153e-02,1.581279414180461473e-01,9.537401178492602161e-02,-1.021616429985234276e-01,1.554215518769355708e-01,-1.275103724734511501e-01,-1.163144253155267149e-01,1.020653897423580425e-01,-8.843671395947359792e-02,-8.398209196325655268e-02,-4.863490470750628930e-02,-1.414452832985423070e-01,1.477845266764891974e-01,8.605697395006489669e-02,-9.804558312133159273e-03,-1.532895314504755489e-02,6.366160313323594722e-02,2.496560841287342181e-01,1.231737307158513595e-01,-7.190669751776296303e-02,1.099436783712254562e-01,-1.679678024071378645e-02,-2.814259304228410377e-02,2.639589132521296122e-01,-5.924676566884735929e-02,-6.776698058577777795e-02,-2.760693772402434409e-01,-1.983192896410898853e-01,6.379841782560762009e-02,-9.827665632326984535e-02,7.289051887161375476e-02,-1.576665762553073058e-01,-1.085139962940483427e-01,9.539870425567871515e-02,2.066013817618400361e-01,8.378830711110303586e-02,1.693988621790973592e-01,2.410660195496985569e-01,1.470908186467668743e-01,-1.298870358390361579e-01,-1.489799211524606842e-02,8.912312644314097920e-02,-5.866821141102751547e-02,6.391482154404506955e-02,-2.233264235911570916e-01,-1.171856925860535331e-01,7.479489090709851018e-02,-3.163718084217165827e-01,-1.566542043941052120e-01,-2.505748549096130026e-03
-2.431590985076291789e-01,8.078128735555504050e-03,-1.130730905097662858e-01,-4.123770316719743007e-02,-3.662570637011158814e-02,2.677010072524231912e-02,-7.973176747594576397e-02,1.268357335961246835e-02,-8.501641005911771132e-02,7.864066996278501476e-02,2.395407820083150507e-01,2.784159118371595104e-02,2.402314047427542981e-02,-1.646155859526562681e-01,9.805679200203597234e-02,-1.072069097236164753e-01,-1.143882675138339633e-01,7.883384344336684391e-02,2.560274475858966003e-02,1.565782538658711254e-01,2.040536121114714940e-01,-7.632249846294639206e-02,1.815524805751738205e-02,2.489603028019742592e-01,1.366892916239855482e-01,1.008403637576138490e-01,1.847254332568545598e-01,-8.550377188433026798e-02,9.002648911758755201e-02,1.992985256058832366e-01,2.292316137743447280e-01,-1.140117502521218323e-01,-3.559210777318626978e-02,5.412409892069706269e-02,-4.087039619742709878e-02,-5.541118402945710564e-02,9.673239549961282213e-02,-4.997971908485748793e-02,-2.528490659076330083e-01,5.117293815686183023e-02,-6.003234615550074454e-02,-1.034541035659142239e-01,-2.214288127782549631e-01,1.433761482629935247e-01,-3.149612888894728346e-01,-2.403220630794630774e-01,-3.901052428011862055e-02,1.738005656781385910e-01,1.852203854536546013e-01,-1.633392106622520157e-01
-2.512098606740534312e-02,-2.136107891021742644e-01,1.430062743957950799e-01,-2.088174940201339147e-01,-2.025093646633548822e-02,1.460859669902149216e-01,-3.145409356090331926e-02,2.079120697101454196e-01,-1.230377428612621643e-01,5.221141691320799888e-02,1.206723239723282992e-01,-1.975822240123786822e-02,1.960544434208422726e-01,7.751722926039746053e-02,-2.315703422134701428e-01,5.598309632097294708e-01,9.173206386201283868e-02,1.518063419551205807e-02,-1.978220059379467710e-01,1.156371583205685789e-02,-6.504573892911739985e-02,9.112536934649057008e-02,5.256211665629777208e-02,2.620551144991101200e-01,2.011738202929060776e-02,7.262064141527097005e-02,5.267335308062639360e-02,-2.099962933607044113e-02,-2.593670463918795743e-02,1.557049418789293316e-01,1.103124953814923481e-01,-8.901648531747313742e-02,-1.574636437660248689e-01,-9.533217151975014250e-03,1.642524173966286583e-01,-3.893243142398213671e-03,2.469832188990465083e-01,-1.096114911771659678e-01,2.003099693487988761e-02,-3.558591047229545112e-01,-8.424015958533742632e-02,-4.371635612419765005e-02,7.225751302154385936e-02,2.419241172882815316e-01,4.941769799619740583e-03,2.056149962483880822e-01,9.357583523038214002e-02,1.394912630532172404e-01,-6.592425206893157141e-02,1.958673541957240971e-01
-1.517400634895873790e-01,7.002600234853140204e-02,-1.346419135040210768e-01,-7.327684674856181635e-02,-2.066736797898932332e-01,-7.302262153101884978e-02,4.965542770241576642e-02,-9.725612157648872921e-03,-1.906027458811908881e-01,2.079940252055596239e-01,4.769024244720029143e-02,1.425619807215252055e-01,1.110478559287824407e-01,-9.402650132297474261e-02,-2.750711788321685836e-01,-1.294605556880100983e-01,1.732632018062930379e-01,-1.489939146011909910e-01,1.154060045859995609e-01,-8.660742470906380996e-02,5.559404255667493161e-02,-2.579412192264086134e-01,1.650493528065980486e-01,-5.610001366967064251e-03,1.252746858797568752e-01,2.685049195320992482e-02,1.128632642950710835e-01,-1.441536723669300211e-02,1.051264905516089837e-01,-2.134858163417599486e-01,-1.528355718258053997e-01,1.025975176286907237e-01,-5.540642128159813627e-03,-3.235072513890416973e-02,-2.540101430649028755e-02,7.095464542190570156e-02,-8.391147843989976707e-02,7.216839242991612835e-02,-1.295125253263660625e-01,-5.759413625429866956e-02,1.392932012427360589e-01,1.514979712184764127e-01,-1.551610576289909893e-01,1.186008633407703711e-01,-1.469625733600125050e-01,1.036651395831676564e-01,-2.685325766686932347e-01,-1.579833091919392307e-01,-7.197954981690175835e-02,-2.354466953443589555e-02
2.013294833575371978e-01,1.278447892249863216e-01,2.228048083386636180e-01,1.706401253868393142e-01,-4.000294710230193479e-02,-3.766430918281043344e-02,1.511754165908993919e-01,5.709382528490920122e-03,-2.220225808468101122e-02,-1.888261799405570873e-01,-1.505573477557327691e-02,-3.947064970881011825e-01,-6.450476325277289258e-02,-1.385774083537303636e-01,9.794480352418542812e-02,-6.769449383761165506e-02,-4.653491637980362167e-02,1.905094818083928054e-01,-1.483605833065618773e-01,4.478233041766205291e-02,-2.680312221438674869e-01,1.268961348299938764e-02,5.802033813173246291e-02,1.216041190206126194e-01,-1.270929960267991321e-01,4.520631826047531721e-02,4.499379841115602741e-02,-2.719763776747543063e-03,2.121550559536024630e-02,6.555365244183350426e-02,5.626878930706833565e-02,-1.408572107620099378e-01,-1.691203566620855248e-01,3.543991306537265240e-01,2.714996288405855385e-01,-1.968152354187195363e-01,6.367040368109125326e-02,8.873300319652588364e-02,1.062551307879860685e-01,1.985491303191325510e-02,-1.310794867011887410e-01,-2.579814127323038289e-02,-6.945558306861299158e-02,1.900322831217543529e-02,-3.795343380390739374e-02,-1.862174565290725461e-02,1.440450723805418443e-01,1.740272095665394425e-01,-1.670332125495805065e-01,-6.504393914350588279e-02
-1.118360019752858842e-01,1.730604548731189685e-01,-8.395889295373175701e-03,2.049180467095486902e-01,-6.754013217852686268e-02,3.676954439897940630e-03,-1.907344806585063446e-01,1.842063421171671322e-01,-5.128109321321798475e-02,-2.100328395710354679e-01,-8.378667846447472589e-02,-3.259632065615931107e-01,-4.499627714699784564e-03,1.590816909228869730e-02,4.074040508022653412e-02,2.118644911116763785e-01,-4.256445588745323000e-02,1.141915108847257332e-01,4.415721886997795581e-02,-2.733980858585517704e-02,-2.937041585768155882e-01,1.339969001224594336e-01,-7.127267939597939361e-02,2.539346549710055304e-03,-1.796702860427397130e-01,4.002161220065322822e-02,1.527786469973689380e-02,4.160279572118081443e-03,-1.906262715647225048e-02,1.483818736672198602e-01,1.366442648106120927e-01,1.026601457990135163e-01,4.696714618685298714e-01,-8.488468026994702709e-02,-5.367188176261543375e-02,-1.435149142758606333e-01,6.165775918098412300e-02,-9.722539952262214402e-02,-3.816059771252809374e-01,-1.715919233291307022e-01,1.021796156934651721e-02,1.428054944195420450e-01,-2.201847866955022326e-01,-8.661239639883626384e-02,-1.970732132098697992e-02,-1.030307598241658185e-01,7.511790405473349475e-02,5.658044982487572946e-04,4.543386133912296482e-02,-1.025608783624493842e-01
2.172990514166392439e-01,-5.303424720758857460e-05,1.829355417144623019e-01,-6.208364498069521981e-02,8.344418125515998264e-02,-9.607937599710285326e-02,-1.344788759422040625e-01,-9.961017915024611424e-02,-6.486528950097427033e-03,-3.093358242169131841e-02,2.176767428353925116e-01,-1.624513100707906943e-01,-1.541971257332863665e-01,2.404429135572079268e-01,8.609501069789637917e-02,-2.660716764742366847e-01,7.032447034541854103e-02,3.356391222006736147e-02,-3.032701854633617633e-01,-5.226401940556924669e-02,-2.468502961729204977e-03,1.034359359272087747e-01,1.349860716858087006e-01,1.354063822573848934e-02,1.461520142021653645e-01,-2.068616487681006547e-02,-1.212683639238850419e-01,-1.321132632302524923e-01,7.674163351336273087e-02,-2.769269278273843171e-01,9.585646597568035776e-02,-1.564930639662401035e-01,-5.080195880853376200e-02,7.147179410510967612e-02,1.722428540082169834e-01,-2.744537340044129192e-01,-1.140108161034270456e-01,6.938371074701863220e-03,-8.429933787191382089e-02,1.218519075570698301e-01,-2.950601834075889940e-01,5.116647869844103552e-02,6.023420900986248272e-02,6.941016328435150977e-03,1.558798136167997284e-01,-1.738880585310134397e-01,1.567820854623089843e-01,-9.940795670643208515e-02,1.026083382853769932e-01,-4.584940041745691475e-02
1.151655097667755173e-01,1.103751159688669825e-01,-2.070484419798468978e-01,-2.184835415540598708e-02,-1.307190384831012110e-02,-3.364064265621526800e-02,-1.068668530987553350e-01,2.618328580397346061e-01,2.957073558602424726e-02,2.199124708892938040e-01,-8.048977448030139592e-02,-1.501607380329629260e-01,1.870266025420781048e-02,-7.965368443678728927e-02,3.380176835983344508e-01,3.470803218394997308e-02,1.630021328711493966e-01,-3.171172701062544008e-02,-4.611203207710652674e-02,-4.371534600794753193e-03,5.030601756910208638e-02,1.201497238746866841e-01,-1.727518648692705217e-02,-9.628695299383595307e-02,-1.510205537407836029e-01,-1.084409946925717072e-02,8.102916577823036925e-02,6.476349661663434454e-02,-2.519781952032842335e-03,-8.487244291853078548e-02,2.075574259669985336e-02,8.086542147219732968e-02,-5.206802918117433600e-03,1.589130408333251990e-02,-2.128452585306855535e-02,1.294711481236731909e-01,-6.197087611058611778e-02,2.623869914742166243e-02,5.578054694232317812e-02,1.026043841689806835e-01,2.115500523661127397e-01,9.552359377331653967e-02,8.474154843399460402e-02,-2.079229231197880501e-01,8.575846823110251649e-02,3.243806555649554335e-01,-1.173812792708462949e-01,-1.441818798138139457e-01,-3.035663748915358798e-02,1.444262950477174789e-01
7.421092630681265512e-02,-6.747555237254301841e-02,-5.089780311086629892e-03,1.466594592734245528e-01,9.512279701133706522e-02,3.434950751635059696e-01,1.422255742794097111e-01,5.000195520814156719e-02,8.693542364222817120e-02,-4.935381758465758745e-02,-1.382779839690170820e-01,2.431841084581897253e-02,6.937580813274933644e-02,-1.973228177396344485e-01,-7.387235973881689510e-02,-5.222067043528349356e-02,3.756750883770747923e-02,-3.683546329852890877e-02,6.294618043369427929e-02,1.387516692420284574e-02,1.499529544006839021e-01,-2.419956511735185667e-01,2.343528137662911626e-01,2.004893816207586887e-01,7.115910564837422091e-03,9.196959095217319136e-02,8.577889741001881729e-02,-1.042684990975106529e-01,2.328715693730067787e-02,1.100504477971156747e-01,4.381470618731813510e-02,1.486792088296200187e-01,1.343447872324951553e-02,1.141991432857104513e-02,-1.085838470868800282e-01,-5.155346538961642217e-02,-6.501389793867444478e-02,2.411917921213521943e-01,3.401262136728291918e-02,-1.413402512815829792e-01,5.637032464779598989e-02,-2.715342318013923284e-02,-4.318675003090751696e-01,6.786137312226167562e-02,-2.195847677448882485e-01,8.180722284766671348e-02,-1.359432018764519801e-01,-2.062382230228423929e-01,6.991046672651871074e-02,-2.113109087664779562e-01
-6.317280718586018584e-02,2.890332837399907720e-02,8.658275375335920676e-02,1.053425813836365854e-01,-5.130949033301741673e-03,-1.177184789957612110e-01,2.720685866910655393e-01,-8.569870020504427588e-02,2.550659998564881459e-01,-6.399669545307914986e-02,1.642305977313827103e-01,1.513159776455116068e-01,-1.478608712565950833e-01,5.024481683092487522e-02,1.068285652590240525e-01,9.913384232392369322e-02,-2.813400402554090685e-02,4.270359915081656937e-02,-5.581754997926280382e-02,-1.657194373464757897e-01,1.391603451021975746e-01,-7.915090574854814764e-02,1.951272747364887761e-01,8.519942351969503336e-02,-1.262393032089148825e-01,-2.279688497269697842e-02,-4.050094314109260740e-02,-1.231621125441031833e-01,7.091285266023264477e-02,-6.768625143971251923e-02,2.307560268185757379e-01,1.217484068776468059e-01,-1.244775312527189592e-01,-2.687079526437727382e-03,-3.206873391725549582e-02,-2.212548225299017512e-01,1.316994410950836358e-01,1.343232508133382630e-01,1.308856369824887567e-01,-6.462784260486052756e-02,1.511774459050053976e-01,-2.966354460221440337e-02,1.322498672720783808e-01,2.563301418317699421e-01,1.981452943636659997e-02,-2.006979447662926297e-01,-4.481659700626488413e-02,9.064909055290230888e-02,1.725162891216562300e-01,-1.603424073364194125e-01
-2.694759868399308755e-02,3.299913569893522802e-02,6.151805297820792801e-02,1.287533406871539665e-01,-1.341296225249438423e-01,-5.988887513070175611e-02,1.425479863040174378e-01,5.548453523044385993e-02,6.341059974411368538e-02,1.591447753868129034e-01,1.471537149374873253e-02,7.467096004733965453e-02,-4.448604797558852048e-02,-1.902131412191247761e-01,-1.831771268135208020e-01,1.051051349810554376e-02,-2.822214739071619502e-02,-9.257486789004246153e-02,4.497401310245261602e-02,-1.259034103186431330e-01,1.574546721163422661e-02,-2.760906674875021789e-03,-1.187923715287695497e-01,-3.250153925382230913e-01,2.059840783917639695e-01,4.477926730848631742e-02,-3.767643035174477184e-01,-6.030611344413380759e-02,5.568999502289179171e-02,-3.226396589177505519e-02,8.207107158969922933e-02,-1.376408218877587797e-01,2.477245783502906099e-02,-7.563736363185347839e-03,-2.588887447165896458e-02,-3.125820705854950865e-02,2.825026721670307120e-02,1.319067273153505804e-01,-7.497026111254283254e-02,-5.759243650988174479e-02,2.270731889645838733e-02,-1.699177250529736519e-02,5.453239915154998313e-02,1.015816500230740660e-01,1.826016857997345144e-01,-1.646768937447708886e-02,-3.220585712442168291e-01,-9.846396797142425300e-03,5.004483570204695114e-02,-2.643943199343006326e-02
-2.167086582170186029e-02,-3.440086529173552732e-01,7.183983383145689516e-02,-4.582509143474344099e-02,-2.136985032691340325e-01,-1.232376903715565880e-01,-1.223054232366963395e-01,8.609012083298112072e-02,7.942762132488093152e-02,2.142180534516232582e-01,9.163040569709710037e-02,-1.911520892289512441e-01,-1.992922871008949437e-01,1.599087131694223174e-01,2.215628873572949298e-01,-3.362265848255827777e-02,7.902667645859969003e-02,-2.128237663418044434e-01,-2.749120514824967554e-01,-1.660320205914013469e-01,-5.051394430182727657e-02,-7.373375553451091968e-02,-3.254304294255649932e-02,-6.943992700440129728e-02,9.606768921233849179e-02,2.018856259491495497e-01,5.119094275930268466e-03,2.870849978321606821e-01,-8.971837453408308682e-02,-7.426083413565899571e-02,5.483396186532379923e-02,-5.017612211486793122e-02,1.664603263741171735e-01,-9.066633671962387453e-02,1.870571772609955219e-01,2.746049415166761792e-02,3.628098116117439709e-01,-6.563575940672018716e-02,-2.866524732902936412e-02,2.059827753908388681e-02,-3.084439330962313042e-01,8.517315115093618272e-02,6.800190947939910302e-02,1.545995128515040111e-02,-2.184105459708862162e-01,-2.187167597761513205e-01,8.296038649445279523e-02,1.661953638155425628e-01,2.254913507047208998e-01,-1.266345547482008449e-01
-1.457768550923909945e-01,-3.845795386493515433e-02,-2.794104362227298743e-01,-8.328744564654000371e-02,1.204612457663022385e-01,2.311677026525612300e-01,3.947854285405552610e-02,2.320093219587525402e-01,5.810620813303659510e-02,2.706294441382747079e-02,-2.424544524800760839e-02,2.643689054407159095e-02,-3.604164944030627954e-02,-1.992778971143587680e-02,-9.360564097956988738e-02,3.663264286015472521e-02,2.043314447294870915e-03,-2.092442151570559072e-01,-3.404019140476679389e-02,-1.210102088058970238e-01,-2.896592867209998867e-01,6.843148195090864583e-02,2.204318069057198126e-01,3.351304572540545479e-01,2.209594888725538719e-01,-1.231499365833867848e-01,1.662047407798799004e-01,1.583776359317206339e-01,-2.811215482984028013e-01,1.218045899582777120e-01,8.869622694596458745e-02,2.302456356500985624e-02,4.081656736377175382e-02,8.245909146316255170e-03,2.307905810090787324e-01,-5.682152180151245346e-02,-2.827570015461806224e-02,1.044960096943902284e-03,3.898478737362677526e-02,-2.493611782413460154e-01,1.962891385682797862e-01,3.198947639330884662e-02,8.048637220955082161e-02,2.790469516028229457e-02,-2.636677744357504571e-02,-5.023873663053480404e-02,1.359259236324081993e-02,2.150344827386330496e-02,1.633786842603297818e-01,4.893995581600534689e-02
-1.887814866406209088e-02,2.809427322431954366e-01,-1.809381822313462507e-01,-1.895341992979599488e-01,5.014830313432922654e-02,-3.003411806265685394e-02,-2.509657714280444929e-01,-4.415594216956610085e-02,-1.005019029075467224e-01,1.599657407509078588e-01,-8.785826793907487720e-02,1.485793485255943458e-01,6.502295161682024316e-02,-2.917959741506792604e-02,2.994148712959861583e-03,6.062150032199991462e-02,-3.264059368452580379e-01,4.625445778083702580e-02,-5.361560953561553960e-02,2.542641951999309313e-01,-9.776019339005505293e-02,1.615829391549552241e-01,-3.556640512180713198e-01,1.152053744439166250e-01,3.904682592068569463e-02,-3.493340715404169572e-02,-1.709633024357090983e-02,-3.684883210780729584e-02,5.982168759200175157e-02,-1.898561408293175309e-02,-2.528242913210310139e-01,-2.627762336949055963e-02,3.160373789480496742e-01,6.625053825631806517e-03,4.112362576706649064e-02,-6.195026255476636379e-02,2.461501866375254838e-02,2.516530214333575002e-02,-3.693952970132836910e-02,1.220838806677587707e-01,-1.305429366036308381e-01,-1.841238291947984440e-02,7.142538662189060195e-02,-3.776009316356338658e-02,-1.730827200555955514e-01,7.895048292859704886e-02,-1.388985347277495730e-01,-6.325892689118045586e-02,-1.171177552276639333e-01,-1.565936248769848188e-02
-6.072434668106137245e-02,-6.711714265885432296e-02,9.630496346978136002e-02,2.492705413542964932e-01,-5.056014502068455208e-02,7.391460356540355270e-02,-5.026305785043476415e-02,1.399254662308117500e-02,1.594881247013113235e-01,7.112538072772394727e-03,-1.153358124831205811e-01,-1.032272114634227578e-01,-8.722111588666235649e-02,-1.881501020987529473e-03,1.213411432218639840e-01,-1.921628921196068263e-01,-1.466948411404541408e-01,-1.307498720383699631e-01,-2.474032873498489826e-01,1.875137841647539771e-01,-5.144717139192198606e-03,2.688107893031739803e-01,-2.014312000785687118e-01,1.830250179594509752e-01,-9.922808702054521091e-02,-5.761077336732721432e-02,-1.398606947923797250e-01,-1.343310352495499238e-01,-1.872058713688571074e-01,3.059410026551584103e-02,-1.858560923884156890e-01,-3.419594773467192483e-02,-1.301294866379192278e-03,9.427298721241460233e-02,1.419753353674350384e-02,4.544233516236297760e-02,7.274878055944015987e-02,-2.439640761296294966e-03,5.138515543077606940e-02,-1.385533582072255299e-01,-1.096680805977646445e-01,2.683485518205987463e-01,-1.659468511512120735e-03,-1.004799690189241840e-01,1.951444870540577359e-01,-2.218089469479865572e-02,-9.142763780304320742e-02,-2.049183499683868703e-01,1.102367968730549458e-01,-1.536261475795840103e-01
-7.623071852252970293e-02,9.108949384732460686e-02,2.596970912228810033e-02,-1.222260571405934561e-02,-3.026244228664446909e-02,1.620586005711074362e-01,3.154083947631231011e-01,-7.760650070864082151e-02,8.045518804784715372e-02,2.727735550941159937e-01,1.526017121685691869e-01,-9.713266002425602341e-02,-6.090743838593279391e-02,-8.456552226763094926e-02,-1.291804058394103172e-01,-8.823351285384785359e-02,3.703478539703790318e-02,-8.301843805963091127e-02,1.239133729109579279e-01,1.743095482212267400e-02,-5.616205266618324449e-02,1.253120382638820696e-01,4.510942819487823163e-02,3.745793886197986561e-02,1.470836487792215319e-01,8.107197721440066729e-02,-1.540056887239966629e-02,1.325902774252142868e-01,4.374414309612707080e-02,4.125697618085024665e-01,1.553780179004203288e-01,1.630888929447961155e-01,1.825740335090778321e-01,1.129102610532357540e-02,1.856714496962747485e-01,3.303182516573202176e-03,-1.175456699468597072e-01,-7.975972984784131248e-02,7.466348341994705207e-02,-2.207756921859918287e-01,2.946555272806589826e-02,-1.030042568995276631e-01,1.015711348937516356e-01,-1.055248981497877991e-01,2.647836666385156579e-01,1.085858811454812611e-01,-1.794437548802196858e-01,2.487261325839048298e-01,-3.213835808207182038e-02,-1.028806580668160386e-01
-1.447870878296812769e-01,8.029405950582536866e-02,2.127715228724063878e-01,-8.180192693966627238e-02,-1.410848924633438528e-01,-1.611779321533773068e-01,2.116236686132748623e-01,2.362767924396634855e-01,-4.928126124523261875e-02,7.604298272159136507e-02,-4.108927184471320771e-04,-8.574419577408501011e-03,1.363333880916483276e-01,6.236059565720829256e-02,4.659691796599413349e-02,-4.137690984506632585e-02,1.153433090179498410e-01,-3.988165718588439212e-02,7.060105969297156975e-03,3.103880483328785508e-02,-1.698690618180570544e-01,-4.229841584311402197e-02,-4.420874215638463667e-02,1.431227774799408332e-02,-1.572348222866503109e-01,-1.678037507933295980e-01,2.295922124475833215e-01,1.635458232281548629e-01,1.257291515731565057e-01,2.580683476868774195e-01,5.933972756497477713e-02,-1.288047821778016098e-02,6.818994828819965881e-02,-2.657713150900158916e-01,-1.552924076867730208e-01,1.072874823443824704e-01,4.612525862352311219e-03,-1.806850632852538274e-01,9.313117750826116481e-02,1.412660259483146663e-01,9.445243337132365469e-02,-4.284611637859426538e-03,-1.182352513505056796e-01,1.521622208006085351e-02,6.037621759323134885e-02,-5.071211409733354658e-02,8.528215626991804410e-02,4.446739051559429196e-02,4.710951151006106952e-02,-2.874445335414435587e-01
1.528896372916950241e-01,2.438658157199826704e-01,-5.691751730824344546e-02,-2.088650569447513539e-01,9.035825089213046779e-02,-6.585423090589533068e-02,-1.367562010062373379e-01,1.722110844181110045e-01,-1.956393842192843402e-01,1.014597287319447677e-01,-1.764562516020682370e-01,2.067959213065022339e-01,7.305155031543889010e-02,-3.640114949469343275e-02,2.112410205771747887e-02,8.231958778652657960e-02,1.173647883900254263e-01,1.170673864707069273e-01,7.731933570188584404e-02,-6.751196211576411532e-02,9.391503026077993588e-02,-1.854492725708342948e-01,1.420002086412735232e-01,1.234616695162504135e-01,1.971528317351331216e-01,-8.326601057064249300e-02,2.633431094482427751e-02,1.213799702842584538e-01,4.495189235335580319e-02,-6.033986597080735759e-02,4.346317631565446010e-02,9.621182610390544357e-03,1.408138018051081075e-01,-8.887802655494417281e-02,4.801082588959423858e-02,4.142671707786813040e-02,1.071023704547483385e-01,-1.030852017704603392e-02,1.800500843146356222e-02,-1.003379924907560339e-02,4.817640483759497508e-03,1.182164134171645670e-03,-4.620865759955936763e-02,3.998405713653815363e-01,-1.193471071684099605e-01,-1.659452203757790789e-01,-1.125185946391347447e-01,-1.004165944783561304e-01,1.617375403503463821e-03,2.023644569553535444e-01
2.387735244402329760e-01,3.356273341983170844e-02,-3.533006302198916648e-01,5.435662099431314009e-02,-1.853545462293649804e-01,-7.080989583317451319e-02,-1.625953559958611683e-01,6.019212245381511117e-02,-8.861567464330986910e-02,1.091942119611776230e-01,6.750075223305815331e-02,-3.395096372148298514e-02,1.139295686952757590e-02,1.297427476035205030e-01,-5.262740024238959924e-02,1.294880645829468713e-01,-2.731695862846522660e-03,3.809855314254007030e-02,1.130297279562739593e-01,1.883071353586193153e-01,7.365396751022515454e-02,8.255030996173856953e-03,1.019203823152191046e-01,-2.185593008776529622e-01,2.317841727389080841e-01,-1.874527724752928781e-01,1.278038136901336330e-01,-7.978482819789931013e-02,7.173620703908234475e-02,-1.648512320319454882e-02,4.293407546726443758e-02,-1.132483891927922037e-01,-3.055589426923703833e-01,5.750979345243403124e-02,-8.492413799463451041e-02,-9.173094995824331022e-02,-1.025761817140169313e-01,2.806381301499070169e-01,-8.233444419093188804e-02,4.621833474297228073e-02,-1.641114503133708769e-01,2.153984029642849740e-01,-7.866817055308562845e-02,-3.677862917322240466e-01,3.835276292138533605e-01,-1.553016689663887229e-01,1.851109859369572397e-01,1.036721157322699066e-01,9.223212860731590246e-02,-3.273689865940620364e-02
2.675674408151157424e-02,1.730906903287073584e-01,-4.255803001838395772e-02,3.554054900514062865e-02,1.312800611765265191e-01,1.179296245695455291e-02,-6.010169982888900059e-02,2.052984000354191318e-01,4.832206506342968944e-02,-1.770208798973542386e-02,-1.097280983036098972e-01,-1.422129229574845832e-01,1.264001603663371942e-01,1.342467801879200229e-01,-3.069849019740057416e-01,-8.704366240031535806e-02,1.364557889333931906e-01,3.428487300314744246e-01,3.041059518598496769e-01,1.331999918967887997e-01,1.942185383686486078e-01,-7.458837491021856614e-02,1.095357227700865937e-01,-1.749615098946410152e-01,-7.946131492700617138e-02,4.539216590882722002e-02,3.065926006836321438e-01,1.057779884507296098e-01,3.872499853658287194e-02,-2.405344810870613942e-02,-1.870216785537183735e-01,8.525770340877245057e-02,-4.936930402469645596e-02,3.380602647160596552e-02,-1.257703839980419680e-01,1.714804000325223163e-02,-2.173687069384879766e-01,7.126310093422269509e-02,1.866374283325898109e-01,1.292521637743988261e-01,2.989398228613195929e-01,4.589879839427678937e-02,7.146918329145965365e-02,7.281288364847592065e-02,-1.244125816663800566e-01,3.045131975187337914e-01,1.398060534435454916e-01,-3.434084185513154586e-02,-1.276796894789782033e-01,8.223783150059245373e-02
1.212755380667404487e-01,1.949986502441008324e-02,2.631491057137290424e-02,-2.660373771487535566e-02,-3.885404299705906431e-04,1.888174973344509400e-01,1.980772809807323509e-01,-2.121570494596937140e-01,1.964043878961645520e-02,-1.702856459174642012e-01,-1.888958622992228942e-01,8.286623776061928515e-02,-1.190158771443697722e-01,-4.459520873070422220e-01,9.123836318554202907e-02,1.813222364998176850e-01,2.883266281448224611e-01,-5.604433480013447377e-02,2.044168358260394502e-01,-3.706670202497362454e-01,-1.475589875057949085e-01,7.339335235019224524e-02,6.668501570527091138e-02,1.867352920185713916e-01,1.352963251217457197e-01,-1.153574280744736752e-02,2.162683068652386797e-01,9.708330600078621253e-02,2.428330174086287263e-01,-1.137419431013816096e-01,4.246228212043918343e-02,-6.075400283666494705e-02,1.139733529335190537e-01,-3.104936523529728751e-02,-3.561727930645317008e-02,-1.875939650233443279e-01,4.358664660508881905e-02,1.577540201527952435e-01,1.425803906474320815e-01,-4.265313338034039670e-01,-2.290524906440352948e-01,2.835696925691905124e-01,-2.653437275716451216e-02,-2.106347062526357783e-02,1.648033185573100634e-01,2.780984431190542880e-02,-8.946175587908568316e-02,-2.967684006293769619e-02,2.682990374102176001e-01,-1.953582103687157290e-01
1.840209813213309620e-01,-4.417891660821476885e-02,-3.835753274281022279e-02,2.634556957080010919e-01,-9.091605568268908144e-02,1.180950865666843125e-01,-5.134351139802065256e-02,-2.025248610607091049e-01,-2.347875513456082475e-02,1.653111531990085203e-01,-2.628912387324477615e-02,7.769997991791721681e-02,2.666546556996161541e-02,6.622954162433108104e-03,-5.904310831718935504e-02,1.863683166726086068e-02,-2.874945490677573434e-01,-6.340225656903702989e-02,-2.551161540678237860e-01,3.814117669147611828e-02,5.015656698989484630e-02,-1.125806272370215716e-01,1.133220087513250318e-01,5.597889338183571761e-02,4.151736273206623612e-02,-5.111022410627891199e-02,6.686302780060721096e-02,1.490873887345238458e-01,-9.340077175499705842e-02,-1.155192465400345092e-01,1.681515138439476642e-01,-3.278752996537538378e-01,-3.701407148148175841e-01,-2.566411659243450494e-01,2.570206292245749702e-02,2.154896705462444259e-02,7.021641590328518701e-02,1.074481145481728794e-02,2.174183374611717845e-01,2.228494320501282211e-01,1.639088564414697968e-01,-1.634548419332177704e-01,5.141767773466248553e-02,-1.224995578811203939e-01,-7.081113898431559694e-02,-1.447252704562687620e-01,1.514965902286483871e-03,7.695076586233492999e-02,1.112873641356378410e-02,-1.687678186822670623e-01
-2.158139659503572616e-01,-1.077750667256124201e-01,-1.099746711622599515e-01,1.109129749528139641e-01,-4.515313206480012914e-02,-2.668144952428973260e-02,-2.219397001390407617e-02,1.551177526561965392e-01,2.313816195362318195e-01,6.039519751989388952e-02,-3.511574769092984383e-02,1.983436679722118401e-01,6.197669215986727209e-02,-5.955209259331382260e-02,1.429167048294693321e-01,2.930674001793078659e-02,-2.028025705743813634e-01,8.865794002404100982e-02,4.240168666918656820e-02,-2.625687479772946809e-01,-3.042034403339251569e-01,1.927587303597272025e-02,9.664116831584838863e-02,8.606621606802859759e-02,-1.924716054371291563e-01,-4.907461763120016945e-02,9.427005040314132001e-02,-2.171881602117929910e-01,1.206083500373716054e-02,3.016931460333066237e-02,1.306388219773360615e-01,-3.470327248472371839e-01,2.050430442171873383e-02,2.854055294101254803e-01,-8.785198435640359516e-02,-4.472299460932346177e-02,1.349148750373343753e-01,-1.079246616475801890e-01,1.636181288852326110e-01,7.644293275445331048e-02,-2.226075985995196738e-01,1.422605755681296234e-02,-2.063312073657050938e-01,1.347106043634724581e-01,-2.376832633327440047e-01,-2.562206675035640924e-01,-1.608391322970598447e-01,-1.135716256045368883e-01,1.859607095425550860e-01,-2.582005385864110259e-03
4.115425705323830924e-02,1.520137802583914621e-01,-9.868522247174370265e-02,-8.178760724785250069e-02,-1.198478872494561365e-01,1.110022797504894715e-01,2.309801366687996294e-01,3.659171446186477994e-02,-8.814510202626443802e-02,-7.359016219071079501e-02,-1.573049954831304831e-01,1.033995697696008798e-01,-1.503208271583427458e-01,-3.601055346100908577e-02,-1.653160987704967166e-01,-2.686246476711892650e-01,-3.592039379177708880e-01,-1.258595637886053276e-01,3.084095692311514258e-02,-4.494590842156497013e-02,-3.161826380452108926e-02,-1.515159957296536575e-01,-1.317596701019109751e-01,-1.509959133898725325e-01,2.987295084422509142e-02,2.895821241747291164e-01,-1.928598528324979369e-02,-1.936454919744410863e-01,1.799761174909101924e-01,-1.412186166725171166e-01,7.884702229015022601e-02,-6.260092838133489435e-02,1.146689693201155893e-02,4.854519180307451109e-01,-1.057161787255423840e-01,-8.296914345991529549e-02,5.306630640324493109e-02,-3.103741106038482387e-03,-5.742709757557247496e-02,-9.735552839889656529e-02,8.350844340785956721e-02,1.523640553720202739e-01,-1.346450206645159187e-01,-1.607159104613202771e-01,2.587878219717418826e-01,-2.015475187313184313e-01,1.011634265343094585e-01,6.210198868153014168e-02,-1.559834494973381669e-01,1.074086139749133584e-01
-1.560183519131091157e-01,-1.540857940344936838e-01,-1.965120792843772224e-01,1.179854623727131929e-01,-6.354709918046276551e-02,1.534777135850483032e-01,-1.145711018757687993e-01,8.692641655817988366e-02,1.990379150792767615e-01,-1.216414767636707535e-02,-1.591630537557076341e-01,-4.844684726930972851e-02,1.777295175662842730e-01,1.045236527080677380e-01,-5.458695967828859630e-02,-2.466915069923074633e-01,1.011921825804053265e-01,2.306449743479566383e-01,2.331464102613599043e-01,6.120577699853237130e-02,-2.701560450022198051e-02,-1.111743362043609989e-01,-8.097812558801792404e-02,-2.333099254466685923e-01,3.018711764198922509e-01,-3.813340502516863757e-03,3.372058085013369122e-01,-1.053552551825031637e-02,-2.288647167114402359e-01,2.632650614881283380e-01,-1.215979038448321281e-01,-6.192957310926424513e-02,2.331403309736736762e-01,2.063016859092207111e-01,-2.865488593439623477e-01,1.491669956914985990e-04,-1.540835180894747636e-01,7.624565856459042390e-02,2.562805420355503405e-01,-7.318411253157701413e-02,2.111735936329699193e-01,-1.313301328861615491e-01,3.072054424617904345e-01,-1.167650930380075003e-01,-6.552588380765284048e-02,4.199611369290021795e-02,-1.980739661863246681e-01,2.191477856584786166e-01,-1.513232417787859496e-01,8.682586285618586197e-02
-1.823105185487995938e-01,1.552565313093616506e-02,-1.488626004031746563e-03,-5.490555561321672218e-02,6.918604187836625841e-02,-1.579439325079262102e-01,2.152243207332502350e-01,2.863037978143355075e-02,-3.947698017034572127e-01,2.836292380795140122e-01,6.402337444377148579e-02,2.197073006364293757e-01,-2.502260789077241990e-02,-3.199821280951179459e-01,-5.935707040010826385e-02,-1.733924767603461925e-01,-5.442242007664645741e-03,-6.826788756791692114e-02,2.955880011775689764e-02,-2.495249837188642239e-01,7.605980575781121598e-03,-6.499468614926520726e-02,8.959168369387511544e-02,-2.393277216222771953e-01,-6.011411388847153620e-02,2.345330838186956146e-01,-1.670275167996460586e-01,1.043765531594571527e-01,1.881619792928905799e-01,-1.426908725100497176e-03,1.397965156776446172e-01,1.472818055329032649e-01,2.219969531727717937e-01,-5.201932878491884182e-02,-1.588148867684431587e-02,1.137201441727273277e-01,-1.054499927746442717e-01,6.795396104932448569e-03,-9.879281045468557565e-02,-3.293761542660927355e-01,4.736415385595102445e-02,2.407599661328675700e-01,-5.261789179643045627e-02,1.192145134979996635e-02,-6.407871674170753651e-02,-1.047880408335214730e-01,1.924807787263563622e-02,1.517353710278921963e-01,3.133675697650167291e-01,1.168814355989601789e-01
-1.359573727956978895e-01,-2.018104855842351719e-01,1.848137538116301215e-01,4.479026364408728728e-02,-8.633253982065353105e-02,-1.493652959505661071e-01,-1.142291925612253511e-01,1.744326234899822026e-01,-3.162092716085797024e-03,-1.980563635345664875e-01,1.234013041520419379e-01,4.385512971765571227e-02,-4.117230643804734025e-02,8.594391464504468059e-02,-1.170521877734114063e-01,1.363166954536196573e-01,-2.015057611614761990e-01,-1.277660956444924001e-01,-1.947206670392014061e-01,-5.891034720030572519e-02,-1.071197524272263502e-01,-5.128587766601435532e-02,6.742732361174488083e-04,7.838314589187050929e-02,2.072276446270084754e-02,3.561834081563675786e-02,2.268856678795011239e-01,-3.768745654778076631e-02,-2.062398463944625782e-01,1.345457062204236109e-01,2.596311610050297536e-01,2.648662113314488933e-02,1.187280683940619974e-01,-9.271820106804810890e-02,2.625846034842374901e-02,9.008898454147332147e-02,5.353867150878780651e-02,-7.632477401893324187e-02,2.306058767252645858e-01,2.443988499356037139e-02,1.315498917970330528e-01,5.738581462161056884e-02,1.235561934791449962e-01,1.319819469161317704e-01,-3.056895438575997492e-02,1.178999883813284799e-01,3.055345789831012682e-01,2.827001617128797051e-01,1.080517738446837017e-01,2.386139219770929687e-01
-1.849750813404546501e-01,2.082282826163597278e-01,1.058907931317284654e-02,-2.527108283110010012e-01,2.336430521172848385e-02,1.380691465641174509e-01,-9.843317725339852109e-02,2.739517753420130375e-01,1.908096081328287674e-01,-1.803283320986516225e-01,1.427069135129583888e-01,1.583532932729544290e-02,-7.801936828908279109e-02,-4.477847632208279555e-02,-6.293179680291012545e-02,-1.720066975657054131e-01,-6.340246178523163689e-02,9.796100533389882903e-02,2.016586554444824986e-01,2.062401854363996867e-01,-8.108545194475585971e-02,-1.658132551533640295e-02,-1.215334571499687294e-01,1.456643488609080939e-01,-2.330840210359671760e-01,-1.927964196238530770e-01,-8.992230247272388344e-02,3.556371557478510415e-02,-4.541718289200931402e-02,4.675942390762822046e-03,6.722410734816602375e-03,3.299073538293482294e-02,-1.462951577785871482e-01,-4.799271900798564305e-02,8.168671990423580220e-02,3.963038725854582667e-02,1.546169068245573097e-01,-1.055320490861509086e-01,1.281647181912000111e-01,2.074120598605590782e-01,-2.016531245682222709e-02,3.760820168094166499e-02,3.184659520896913204e-02,7.575526124511869352e-02,5.486033018229212466e-02,2.078169446120357033e-01,7.260076543909511904e-02,1.222590033816250699e-01,4.688495985633110708e-02,-1.473285661711750127e-01
6.128640873409486184e-02,-3.252069259751890623e-02,-8.981492414504918531e-02,-1.264831094262892086e-01,-9.955650610018048144e-03,-8.590839716081041799e-02,2.884532180958567782e-01,2.258176474198448913e-01,-3.774964443161283462e-02,1.002899690317016895e-01,1.636192054496792558e-01,-2.444317838466251655e-02,2.613796695410709470e-01,1.304060988629229256e-01,-1.438384080979642800e-02,-2.544593231777674824e-01,-1.366066956127315879e-01,4.506993162273014580e-02,-6.197988206044508647e-02,-2.934954401596732466e-03,-1.113429488891586050e-01,3.492014752346354195e-02,-6.481369578095537431e-02,-2.195857706478590854e-01,-4.831565194798748825e-02,-8.089667677252604383e-02,-2.194375277504887478e-01,2.012676478561881144e-01,-1.075523077680204213e-02,-4.622584415992359030e-02,1.061190235275843718e-01,-1.168073071270483293e-02,1.085117052900940876e-01,-2.093961843776525333e-01,-1.466052787419548364e-01,7.710682537507783374e-02,2.109861481446701215e-01,4.244270733949891822e-03,3.060842720049765722e-02,-1.164525537163699775e-01,-4.233572302194091481e-03,-1.002587915294713555e-01,-2.266109165588886531e-02,1.021458346676731299e-01,-2.826679077832269793e-01,3.012638714019857944e-02,-1.137793621499989249e-01,-9.144053381815972492e-02,1.609619366641043270e-01,4.178147806232069411e-02
1.320351682446356811e-01,-2.494354123986225469e-01,-5.801341893275428763e-02,-6.415822005860725985e-02,-8.335794351484307474e-02,6.225856067191103821e-02,1.267024309493353929e-01,-1.565221688334318961e-01,-1.361410454535051107e-01,-1.770535180424238908e-01,1.622960923498783792e-01,-7.279451078160779909e-02,-1.433740757380311953e-02,-4.698168483873953194e-02,-1.362816211837187541e-01,5.278707312410454988e-02,5.416817939639535090e-02,1.331235408278739485e-01,-3.187921377020542374e-02,-4.201450603052699073e-02,-8.280527953574266797e-02,2.104549986461631272e-01,1.424914895749403998e-01,-5.711330870826626660e-03,9.177872752557286740e-02,-8.285081729672434669e-02,2.905466071952859108e-01,-8.366010141694008029e-02,-5.369612702810129534e-02,-5.247178046747120322e-02,2.405909560771500866e-01,2.087413668118494672e-02,1.533599439695927102e-01,-1.557006116302766738e-02,-1.715405655057112289e-01,1.096694579241256629e-01,-8.859433440573653840e-02,-1.864672417922545178e-01,-5.884196775230961934e-02,8.932980389905663399e-02,2.495075858064933760e-01,-1.962190112456145274e-01,-3.109937635273006817e-01,1.315440640847577447e-01,4.243365598132751992e-02,-7.968710321628671989e-02,5.916530964836372308e-02,1.031588287920189445e-01,2.704073553542485353e-01,-1.843313283791286547e-02
1.809910759847468964e-01,-6.388793794864017217e-02,-7.207804452935762107e-02,5.993061323544366520e-02,-1.576802166038559772e-01,-1.841248112245840174e-01,1.362160741160130806e-01,-2.776207385049394571e-01,1.602986397373941732e-02,-4.592549140824811471e-02,-5.275302150109727889e-02,-1.884164215312400248e-01,-2.879200835255293911e-01,-9.346657303314895304e-02,-1.647867101592158101e-01,-6.016333545707117092e-02,1.245018411181866846e-02,-1.049007379419897718e-01,-1.516779828063912483e-01,4.101804311207508241e-02,-1.077396951702351835e-01,-1.356982917466596217e-01,-4.230666128796854719e-02,4.037458609614230642e-02,2.982220629337028472e-01,2.281920629278479384e-01,-1.786690461299853816e-01,-1.872771202898360077e-01,9.152418546878419991e-03,7.877154554193879776e-02,-1.862597928325407728e-02,3.072142502452291923e-01,1.664628669300954600e-01,2.319391372399234874e-01,-5.909582949843952826e-02,-1.268379274925246214e-01,-1.513616217624305926e-01,-1.609114314005307550e-02,-1.779575519232657610e-01,-8.963173180621504532e-02,-6.092004077084697128e-02,1.335420270775439788e-01,-6.687470288943525576e-02,-1.989889148194030899e-01,-6.328227710937270323e-02,2.666965123163694482e-02,7.932579255881387625e-02,-1.303422734777371639e-01,9.155266687799122616e-02,1.961267563597547392e-01
6.922810403831267112e-02,3.377083403474700346e-02,-6.337257936369521116e-02,-8.637945768579385897e-02,-2.870775847714225337e-01,8.597663072456770972e-02,-5.007855856869086741e-02,2.157828126969151689e-02,7.089096899900806936e-02,-1.112141463805160768e-01,1.438249091553073233e-01,1.599625189341639248e-02,2.117070982050642813e-01,2.389139410780211081e-02,4.506033654285426793e-02,-3.866136567618311259e-02,2.087964692358382779e-01,-2.974788020378053011e-01,-7.535381858825399015e-02,-4.314114954974054145e-02,-2.164341759722892833e-01,-1.123879268171309453e-01,-3.071845396278230500e-01,2.692482130565350407e-02,-1.987291851052896685e-01,5.230616981210708255e-02,-3.702152248095217507e-02,-1.177634743351587548e-01,-2.197380440037436655e-01,-9.656926826608835945e-02,4.392884193448603342e-02,-1.774091229277522871e-02,9.422110167973762884e-02,-1.114867357373726386e-01,2.271217819281226846e-01,-3.365169486357277168e-02,-1.195286838638398158e-01,1.852844953902114122e-01,1.919888924958300103e-01,-1.275186711377955008e-02,-6.849066216757807024e-02,1.287039897154572676e-01,-1.264500626995831434e-01,1.322560561819985381e-01,-1.961769504788309915e-01,-1.179358975506328115e-02,1.662479770522256586e-03,1.708510642640591881e-01,-2.586907214608249461e-01,3.315435917252616133e-02
-1.707103792350246965e-02,4.112939142244153223e-04,-1.250314053442165563e-01,-1.841157326063236621e-01,-6.549747139654259198e-02,-3.417642018150963273e-02,2.086224482013055437e-01,1.575174308815828483e-02,-6.047537351556012998e-04,9.876107982482433545e-02,-2.279506693745811940e-01,1.021863269276725161e-01,1.294537353709782346e-01,1.282895160519323119e-01,-4.709247190660558607e-02,-1.746907297166012674e-01,-1.392899250579749948e-01,3.499526175261435945e-02,7.591001239396868994e-02,1.805314005576366398e-01,2.151632660715661893e-01,1.232131135027863672e-01,4.798256684014414429e-03,3.746533957228599665e-02,-3.327819447013648929e-02,1.491809271580434582e-01,8.404268848036385020e-02,3.052716762217821261e-02,-1.775687309818936299e-01,1.480202725819527165e-01,-2.159343406467619519e-01,1.742003075283160007e-01,1.392476398436591489e-01,-2.244454249785402533e-01,-6.853892132323429441e-03,-1.755596598643287265e-01,-2.045226035452422930e-02,7.851289059730201525e-02,-1.932354537422129731e-02,-1.928800657705222188e-01,3.688654728379133635e-02,3.669710338953231787e-02,-3.851583846331457176e-03,-1.478049712716704711e-01,-4.946659703140612180e-02,3.797547634429095792e-02,-2.192735601283373262e-02,2.987698853292411472e-01,3.621510134894408844e-02,-2.924046827997007006e-02
6.824965682189369776e-02,-1.563317426220659778e-01,5.950377100712223033e-02,2.286492324130169063e-01,-1.249841384762774427e-01,4.226165368786050786e-02,1.084861744866286587e-01,-2.394756708782528887e-01,2.317738953045759276e-01,-1.477850611635591616e-01,-4.738379924377707914e-02,5.383517564339245637e-02,-3.289501533144424672e-02,1.135523924362751153e-01,2.134407715933652611e-02,8.057500029183832513e-02,1.060284326188452343e-02,2.081724647156963093e-01,-2.850344619254143730e-01,5.149070215431628822e-02,-4.251339907903309290e-02,-1.356276933692288911e-01,-1.147789884309881880e-01,-8.089018425472531415e-02,8.179960256670301688e-02,-1.267319816595096071e-01,-2.307764268468623370e-02,3.892606851456225509e-02,-1.634536228262207513e-01,1.573098550575466603e-01,3.424644436126220159e-01,-9.532044171255975307e-02,1.300294678089997658e-01,-4.379529211982152032e-02,7.542954906074439414e-02,-2.569699518103535710e-02,3.123519231812350583e-01,-4.586744523544172836e-02,1.122787152190187349e-01,8.589454503583081324e-02,-1.532951126654064078e-01,-3.055082302314087173e-01,8.189529943105751386e-02,1.194329430923790208e-01,-7.590160814278466839e-02,-8.957270448953014164e-02,1.381408411786165802e-01,1.206088595956777559e-01,1.351813718658572139e-01,3.696783038929123133e-02
-1.114791262218614992e-01,-1.722474472173497750e-01,-2.818720734636045999e-01,-8.157432432983582199e-03,2.714114487168551859e-01,6.758449625336820921e-02,-1.127697338809070804e-02,-2.150659924489824737e-01,-9.445957588613423939e-02,6.984483468336966962e-04,-3.142657963272734584e-02,1.284586309079128186e-01,-2.243038450677848836e-02,9.833111684668187358e-02,-1.615290125484502085e-02,-2.683713004778167516e-02,1.780683714398685891e-01,-1.063456686059634920e-01,-4.002972046831225483e-02,-1.828206767378546260e-01,1.368101072859249749e-02,1.512502820633586931e-01,9.636478227378784955e-02,1.038049456529341191e-01,1.489226809924853734e-01,8.841920394514855841e-02,1.072340772742720466e-01,5.709520652597249030e-02,-1.379407709447234565e-01,7.440108250474199159e-02,1.337685339740168899e-01,-1.261350730821809152e-01,3.337402317599034995e-02,1.531328931330738496e-01,-5.281754684375589148e-02,-1.868326833804380416e-01,8.702217755528126111e-03,2.253811732433722848e-01,-1.291099793648152472e-01,-1.490440669070311822e-02,-1.062118151261529919e-01,-5.076564157038471886e-02,3.320167297178987925e-02,2.088529834416301412e-01,-1.013487700918109247e-01,-1.002189503881128624e-01,-1.233904784400467747e-01,-1.546853282402987084e-01,-2.170393639326783641e-01,-1.203866546976233715e-01
-1.496425607728626636e-02,5.779238386008882754e-03,1.658093542185151426e-01,-1.161918548135153495e-01,-1.102999072761657318e-01,-1.070329490056453059e-01,2.768265335064908766e-02,-2.241138409026270997e-02,1.099139218841940907e-01,-1.116013631621328994e-01,1.291543055295766296e-01,1.332914869565205440e-01,-3.711853839498553687e-02,-8.804009099790950643e-02,2.562117834237323186e-02,-1.119397786217471297e-01,2.817402956218968968e-01,1.992447348259880624e-02,1.120680482280164564e-01,-1.791960329352175474e-01,-2.475945120837808877e-01,9.719411883314144074e-02,7.295739945956145056e-02,-1.075657562832170872e-01,-8.015418107737358466e-02,-9.615857447095699229e-02,3.221959128694998342e-02,1.306524209052619956e-01,-2.184762260868793327e-01,6.770478574163815710e-02,-1.236259846645170607e-01,-7.508511846135776380e-02,-2.268896471432672174e-02,-1.925386768125448844e-01,4.021936495881257567e-01,3.429436032934446987e-01,1.063870237196353208e-01,9.277455666847382598e-02,-1.475887688185867630e-01,3.362079022767135994e-01,2.590452440672194514e-03,-1.745076037764833193e-02,1.702704048549245619e-01,3.688269898192490098e-02,-1.098283359559019262e-01,-3.096016561036961032e-02,-5.318656096350887763e-02,9.143695844802566738e-03,7.841213712362471444e-02,7.534348672895602173e-02
1.840177362749641221e-01,-5.802609060518902845e-04,1.354913492214558091e-01,2.413584322608685884e-01,-1.733857799723646231e-01,1.007726955036117727e-01,-1.516506613602397469e-01,-2.131326739900908929e-01,2.241050548162360490e-01,1.605816828528564000e-01,7.401611154606201060e-02,-6.744828508701997127e-02,2.126356674995073526e-01,-1.933467138788696471e-01,9.530798121580162652e-03,6.861446765485731958e-02,1.820272365431535866e-01,-2.158694754436054630e-01,-4.333350262832120769e-01,1.631582617446701231e-02,4.489097881535143025e-02,2.456209971365875752e-02,-1.240614408816111264e-01,-6.245280205921597237e-03,-2.178000709818080360e-01,5.948088787655860660e-02,1.262310615000268310e-01,-1.035249419298192169e-01,-2.834001626264167628e-01,-1.835390547907904055e-02,-2.807218438318605583e-02,-1.139955045983039560e-02,1.843534083027971449e-01,1.960036062530253267e-02,2.947394796856107613e-01,5.384525554556113258e-02,-1.537580602526322227e-01,1.603171527186063039e-01,-1.277662299599761041e-02,-6.912263753312233860e-02,3.951331802430489010e-02,1.623288228236510755e-02,-2.204185045717894365e-01,-1.201400975096421769e-01,1.629183315257630160e-01,2.487996115164257949e-02,9.036626018788433690e-02,1.442713705564389604e-01,2.535137717989983663e-01,-9.038189382434839991e-02
-9.947508314736683288e-02,-1.307454007154300046e-01,-8.491652994024891099e-02,-1.290592582916822439e-01,-2.121423934394121857e-03,-1.530642497013621171e-02,8.219950468380075870e-02,-1.683835122558047237e-01,-9.246475082817418034e-02,5.083547141891365390e-02,9.880374452244088113e-02,-3.276191619221732187e-01,-8.514564396412152569e-02,-3.586733946581518312e-02,-2.886627923313199173e-01,6.345581299902519623e-02,1.702893478461973142e-01,-2.747957541917982471e-01,-2.213143487814703270e-01,1.346588877485549174e-01,1.605612134300140603e-01,-1.799976568361283669e-01,-1.396706606386666494e-01,9.325590197694827443e-02,-3.436874573395440335e-02,-7.372527666885590747e-02,2.254450702563521036e-01,4.211514390531704427e-02,-2.573089228689584562e-01,3.582399610108732979e-02,-1.987334441414821407e-01,1.049426479082597174e-01,1.388748748910798303e-01,6.202203256389645508e-02,1.312135419466167463e-01,2.777910648741885313e-01,1.027680663472198691e-01,-5.260307929936611920e-02,-1.546165215576636998e-01,3.174212730885353495e-02,-1.463765017970734272e-01,-2.034693078004733424e-01,-6.531538336629276464e-02,-2.514921610775103233e-01,-1.839147661324564420e-01,7.087421650187630817e-02,-6.721124531815821090e-02,-4.336464998794963693e-02,-3.665089820616874647e-03,-2.763644569277435847e-01
2.633601465477737949e-02,-5.416357427729338175e-04,-6.393160257134074612e-03,4.848579022534274530e-02,-3.061669930209671153e-01,2.703735224873825005e-01,-4.290032606787268221e-02,-2.028284489907523913e-01,1.577270668408283991e-02,-1.797702634043959191e-01,9.389345656434138279e-03,7.645270084723140847e-02,-1.865201780726907232e-01,1.195613522055647693e-01,1.853923667016665541e-02,4.936788806195303164e-02,5.714385944223014657e-02,7.246913202356769501e-02,1.584430851723881151e-01,1.216866349852739893e-01,6.885952255425019375e-02,-1.080939465729647414e-01,4.049333284411926748e-02,-7.888963438729736100e-02,-2.048845113945194363e-01,-5.851573809205263231e-03,-1.290908418696022630e-01,1.605332342990312966e-01,-5.332885386440464580e-03,6.401093855267358732e-03,1.096307006548911944e-01,-5.913165211273639643e-02,-3.628799287992327816e-02,1.647093753427990581e-01,-1.956817044302788244e-01,-1.226059827876871816e-01,-1.890716873270570017e-02,1.109859517601312351e-01,3.532599044372606439e-02,-1.636976010585290686e-01,-1.300756823433463494e-01,2.396328340897226350e-01,4.472723071042859072e-02,-8.746079642682601241e-02,-6.848718375466485153e-02,5.289510726270130192e-01,1.895430712855400435e-01,-2.314323740749885394e-01,-6.488057924889578665e-02,1.022225642055550610e-01
-3.895890837059423628e-02,1.610864618762457567e-01,2.495025682087368690e-01,1.069201319866870496e-03,4.168246192850263293e-02,-2.385244933741645715e-02,1.248466412138153070e-01,2.121214508769332652e-01,1.321434610503812446e-01,-1.531561617743976145e-01,1.066830484298652432e-01,-8.184816617914331127e-02,2.472557204473289638e-01,6.735670317116243533e-02,1.496420006806938874e-01,-2.978246941501090997e-03,-4.573271406874895167e-03,6.092115706187235108e-02,-4.355963325598827436e-03,2.232921458187814845e-01,-1.615309499641514046e-01,9.693252361905378700e-02,-8.296622406244694159e-02,1.217703273841059392e-01,-2.541505950966269078e-01,1.818857183485112772e-01,-4.375135221861594509e-02,-1.744677303774861687e-01,1.013544671509100659e-01,-2.712134128727448218e-02,3.919334942746949962e-02,1.736525134315376750e-01,-1.543176484495233369e-01,-1.041394531259228345e-01,1.137128543087674755e-02,8.025879734408387922e-02,-9.950618415450673826e-02,-1.121676861539538800e-01,1.090832831432544392e-01,1.391075108295726226e-01,1.976042792526040148e-01,-4.173843807427001645e-02,-3.651831472071668250e-01,7.401856391353303644e-02,1.074706285880038664e-01,-2.074401192078461909e-01,1.278169702932404998e-02,3.893447027678401812e-02,4.813346036396806693e-02,-6.571772201715207762e-02
1.179923555862228204e-02,8.490860391802637630e-02,-2.511888571004045057e-01,1.288465135075060330e-01,-5.173711576745639029e-02,1.081169265431040361e-01,-9.936551255414820261e-02,-2.420801087762243509e-01,1.670382408783206707e-01,2.320917051528821884e-01,-2.631187801785240810e-01,-1.827555124277352727e-01,1.331809570381395011e-02,-1.484019598660695216e-01,1.075158331458336836e-01,-1.127218575968581549e-01,-7.319693993917278374e-02,2.990142007078817887e-02,-3.080475474539203784e-01,-4.524388616259309576e-02,2.849143761029851452e-01,8.299803664330986097e-02,-1.412954223412658250e-01,1.479288770352966964e-01,2.917784829219499665e-01,1.802653447953704025e-01,-8.267645747936951117e-02,-9.299813794827854752e-02,-5.239333919911460385e-02,-1.483585498194893992e-01,4.131736824455600580e-03,-1.422259476724301586e-01,-1.237775411623456556e-01,4.537062581564564601e-02,-7.970819587369840087e-02,-2.890437764189949382e-02,3.037982806260943747e-01,5.207409953215199477e-02,1.683371260339605879e-01,6.193097617391707388e-02,8.527411044649951810e-02,-1.908021875705700754e-01,-7.735350976567931247e-02,-3.708829848364642023e-02,-6.316254663861581298e-02,-2.869559591030906853e-02,2.261352139928358984e-02,-3.148214885936864021e-02,9.752315142002984660e-02,-3.504385938595031696e-02
1.532939588531176400e-01,-1.851970832919896557e-03,-8.409992288883073874e-02,-1.769733780192484507e-01,-1.088072756335486668e-01,-3.596496632300962004e-02,1.699968636970917435e-01,-1.798700864217962492e-01,1.470998110793820535e-01,-1.297741667871979247e-02,-1.175840909000094858e-01,-1.865476707485385077e-01,7.763963517179034435e-02,-2.695820343411728381e-01,-6.526779021270330550e-02,-6.227658155689173164e-02,-2.306935961484075231e-02,8.219196304912732010e-02,-8.692335320070368465e-02,1.701898938175811296e-02,-1.722294401866141522e-01,8.158893976505916454e-03,8.603444244597859003e-02,-4.973674209904022786e-02,5.213720230164556324e-02,1.479724507306759591e-02,-4.868983842900931336e-02,-8.600889731740337177e-03,-2.758011686888842129e-02,-2.792007961407330097e-01,-2.120136451333018146e-01,6.121454904617845000e-02,-2.953368709291775418e-01,1.638199244892888096e-01,-1.994000305874576440e-01,4.316927613096704398e-03,6.677010155508719680e-02,-9.004793068483404883e-02,1.644148490310294586e-01,-1.938679680723817966e-01,1.282361308721881032e-01,2.100906867766754241e-02,-2.138090397420546254e-02,1.430754127501412121e-01,7.626200696622416342e-02,-1.703388326376600870e-01,1.996601707043064444e-01,1.419865330152734195e-01,1.468062304741003105e-02,2.116901333084911241e-02
